city,dev_name,dev_type,time,alm_level
省NOC,广州_马场_MSCe19,MSCe,2018/5/25 1:45,4
省NOC,广州_马场_MSCe19,MSCe,2018/6/1 0:00,6
省NOC,广州_东莞庄_MSCe20,MSCe,2018/6/1 0:00,3
省NOC,广州_东莞庄_MSCe20,MSCe,2018/6/1 0:00,3
省NOC,广州_东莞庄_MSCe20,MSCe,2018/6/1 0:00,3
省NOC,广州_东莞庄_MSCe20,MSCe,2018/6/1 0:00,3
省NOC,广州_东莞庄_MSCe20,MSCe,2018/6/1 0:00,4
省NOC,广州_东莞庄_MSCe20,MSCe,2018/6/1 0:00,6
省NOC,广州_马场_MSCe19,MSCe,2018/6/1 0:01,4
江门,江门_炮台_MGW1,MGW,2018/6/1 0:01,4
省NOC,广州_东莞庄_MSCe20,MSCe,2018/6/1 0:01,3
珠海,珠海_新香洲_MGW2,MGW,2018/6/1 0:01,6
省NOC,广州_东莞庄_MSCe20,MSCe,2018/6/1 0:01,6
省NOC,广州_东莞庄_MSCe20,MSCe,2018/6/1 0:01,6
省NOC,广州_东莞庄_MSCe20,MSCe,2018/6/1 0:01,6
省NOC,广州_东莞庄_MSCe20,MSCe,2018/6/1 0:01,6
省NOC,广州_东莞庄_MSCe20,MSCe,2018/6/1 0:01,6
江门,江门_炮台_MGW1,MGW,2018/6/1 0:01,6
省NOC,广州_东莞庄_MSCe20,MSCe,2018/6/1 0:03,3
省NOC,广州_东莞庄_MSCe20,MSCe,2018/6/1 0:03,3
省NOC,广州_东莞庄_MSCe20,MSCe,2018/6/1 0:03,3
省NOC,广州_东莞庄_MSCe20,MSCe,2018/6/1 0:03,3
省NOC,广州_东莞庄_MSCe20,MSCe,2018/6/1 0:03,6
省NOC,广州_东莞庄_MSCe20,MSCe,2018/6/1 0:03,4
江门,江门_枢纽_MGW2,MGW,2018/6/1 0:04,4
省NOC,广州_东莞庄_MSCe20,MSCe,2018/6/1 0:04,6
省NOC,广州_东莞庄_MSCe20,MSCe,2018/6/1 0:04,6
省NOC,广州_东莞庄_MSCe20,MSCe,2018/6/1 0:04,6
省NOC,广州_东莞庄_MSCe20,MSCe,2018/6/1 0:04,6
江门,江门_枢纽_MGW2,MGW,2018/6/1 0:04,6
珠海,珠海_拱北_MGW1,MGW,2018/6/1 0:05,4
珠海,珠海_新香洲_MGW2,MGW,2018/6/1 0:05,4
珠海,珠海_拱北_MGW1,MGW,2018/6/1 0:06,6
珠海,珠海_新香洲_MGW2,MGW,2018/6/1 0:06,6
江门,江门_枢纽_MGW2,MGW,2018/6/1 0:07,4
省NOC,广州_东莞庄_MSCe20,MSCe,2018/6/1 0:07,3
省NOC,广州_东莞庄_MSCe20,MSCe,2018/6/1 0:07,3
省NOC,广州_东莞庄_MSCe20,MSCe,2018/6/1 0:07,3
省NOC,广州_东莞庄_MSCe20,MSCe,2018/6/1 0:07,3
省NOC,广州_东莞庄_MSCe20,MSCe,2018/6/1 0:07,4
省NOC,广州_东莞庄_MSCe20,MSCe,2018/6/1 0:07,6
江门,江门_枢纽_MGW2,MGW,2018/6/1 0:07,6
珠海,珠海_新香洲_MGW2,MGW,2018/6/1 0:08,4
省NOC,广州_东莞庄_MSCe20,MSCe,2018/6/1 0:08,6
省NOC,广州_东莞庄_MSCe20,MSCe,2018/6/1 0:08,6
省NOC,广州_东莞庄_MSCe20,MSCe,2018/6/1 0:08,6
省NOC,广州_东莞庄_MSCe20,MSCe,2018/6/1 0:08,6
珠海,珠海_拱北_MGW1,MGW,2018/6/1 0:08,4
珠海,珠海_新香洲_MGW2,MGW,2018/6/1 0:09,6
珠海,珠海_拱北_MGW1,MGW,2018/6/1 0:09,6
珠海,珠海_新香洲_MGW2,MGW,2018/6/1 0:10,4
省NOC,广州_东莞庄_MSCe20,MSCe,2018/6/1 0:10,3
省NOC,广州_东莞庄_MSCe20,MSCe,2018/6/1 0:10,3
省NOC,广州_东莞庄_MSCe20,MSCe,2018/6/1 0:10,3
省NOC,广州_东莞庄_MSCe20,MSCe,2018/6/1 0:10,3
省NOC,广州_东莞庄_MSCe20,MSCe,2018/6/1 0:10,4
省NOC,广州_东莞庄_MSCe20,MSCe,2018/6/1 0:10,6
珠海,珠海_新香洲_MGW2,MGW,2018/6/1 0:10,6
珠海,珠海_新香洲_MGW2,MGW,2018/6/1 0:11,4
省NOC,广州_东莞庄_MSCe20,MSCe,2018/6/1 0:11,6
省NOC,广州_东莞庄_MSCe20,MSCe,2018/6/1 0:11,6
省NOC,广州_东莞庄_MSCe20,MSCe,2018/6/1 0:11,6
省NOC,广州_东莞庄_MSCe20,MSCe,2018/6/1 0:11,6
珠海,珠海_新香洲_MGW2,MGW,2018/6/1 0:11,6
江门,江门_枢纽_MGW2,MGW,2018/6/1 0:11,4
珠海,珠海_新香洲_MGW2,MGW,2018/6/1 0:12,4
江门,江门_枢纽_MGW2,MGW,2018/6/1 0:12,6
珠海,珠海_新香洲_MGW2,MGW,2018/6/1 0:13,6
江门,江门_枢纽_MGW2,MGW,2018/6/1 0:13,4
江门,江门_炮台_MGW1,MGW,2018/6/1 0:13,4
江门,江门_炮台_MGW1,MGW,2018/6/1 0:13,6
江门,江门_枢纽_MGW2,MGW,2018/6/1 0:13,6
省NOC,广州_东莞庄_MSCe20,MSCe,2018/6/1 0:14,3
省NOC,广州_东莞庄_MSCe20,MSCe,2018/6/1 0:14,3
省NOC,广州_东莞庄_MSCe20,MSCe,2018/6/1 0:14,3
省NOC,广州_东莞庄_MSCe20,MSCe,2018/6/1 0:14,3
省NOC,广州_东莞庄_MSCe20,MSCe,2018/6/1 0:14,4
省NOC,广州_东莞庄_MSCe20,MSCe,2018/6/1 0:14,6
江门,江门_炮台_MGW1,MGW,2018/6/1 0:14,4
江门,江门_炮台_MGW1,MGW,2018/6/1 0:15,6
省NOC,广州_东莞庄_MSCe20,MSCe,2018/6/1 0:15,6
省NOC,广州_东莞庄_MSCe20,MSCe,2018/6/1 0:15,6
省NOC,广州_东莞庄_MSCe20,MSCe,2018/6/1 0:15,6
省NOC,广州_东莞庄_MSCe20,MSCe,2018/6/1 0:15,6
省NOC,广州_马场_MSCe19,MSCe,2018/6/1 0:15,6
省NOC,广州_东莞庄_MSCe20,MSCe,2018/6/1 0:15,3
珠海,珠海_新香洲_MGW2,MGW,2018/6/1 0:15,4
省NOC,广州_东莞庄_MSCe20,MSCe,2018/6/1 0:15,6
珠海,珠海_新香洲_MGW2,MGW,2018/6/1 0:15,6
珠海,珠海_拱北_MGW1,MGW,2018/6/1 0:16,4
江门,江门_炮台_MGW1,MGW,2018/6/1 0:16,4
省NOC,广州_东莞庄_MSCe20,MSCe,2018/6/1 0:17,3
省NOC,广州_东莞庄_MSCe20,MSCe,2018/6/1 0:17,3
省NOC,广州_东莞庄_MSCe20,MSCe,2018/6/1 0:17,3
省NOC,广州_东莞庄_MSCe20,MSCe,2018/6/1 0:17,3
省NOC,广州_东莞庄_MSCe20,MSCe,2018/6/1 0:17,6
省NOC,广州_东莞庄_MSCe20,MSCe,2018/6/1 0:17,4
珠海,珠海_拱北_MGW1,MGW,2018/6/1 0:17,6
江门,江门_枢纽_MGW2,MGW,2018/6/1 0:17,4
江门,江门_炮台_MGW1,MGW,2018/6/1 0:17,6
珠海,珠海_新香洲_MGW2,MGW,2018/6/1 0:17,4
江门,江门_枢纽_MGW2,MGW,2018/6/1 0:18,6
省NOC,广州_东莞庄_MSCe20,MSCe,2018/6/1 0:18,6
省NOC,广州_东莞庄_MSCe20,MSCe,2018/6/1 0:18,6
省NOC,广州_东莞庄_MSCe20,MSCe,2018/6/1 0:18,6
省NOC,广州_东莞庄_MSCe20,MSCe,2018/6/1 0:18,6
珠海,珠海_拱北_MGW1,MGW,2018/6/1 0:19,4
珠海,珠海_新香洲_MGW2,MGW,2018/6/1 0:19,6
江门,江门_枢纽_MGW2,MGW,2018/6/1 0:19,4
珠海,珠海_拱北_MGW1,MGW,2018/6/1 0:19,6
珠海,珠海_新香洲_MGW2,MGW,2018/6/1 0:19,4
江门,江门_枢纽_MGW2,MGW,2018/6/1 0:20,6
江门,江门_炮台_MGW1,MGW,2018/6/1 0:20,4
江门,江门_枢纽_MGW2,MGW,2018/6/1 0:20,4
省NOC,广州_马场_MSCe19,MSCe,2018/6/1 0:20,5
省NOC,广州_马场_MSCe19,MSCe,2018/6/1 0:20,6
省NOC,广州_东莞庄_MSCe20,MSCe,2018/6/1 0:20,3
省NOC,广州_东莞庄_MSCe20,MSCe,2018/6/1 0:21,3
省NOC,广州_东莞庄_MSCe20,MSCe,2018/6/1 0:21,3
江门,江门_炮台_MGW1,MGW,2018/6/1 0:21,6
江门,江门_枢纽_MGW2,MGW,2018/6/1 0:21,6
省NOC,广州_东莞庄_MSCe20,MSCe,2018/6/1 0:21,3
省NOC,广州_马场_MSCe19,MSCe,2018/6/1 0:21,5
省NOC,广州_马场_MSCe19,MSCe,2018/6/1 0:21,6
省NOC,广州_东莞庄_MSCe20,MSCe,2018/6/1 0:21,4
省NOC,广州_东莞庄_MSCe20,MSCe,2018/6/1 0:21,6
省NOC,广州_马场_MSCe19,MSCe,2018/6/1 0:21,5
省NOC,广州_马场_MSCe19,MSCe,2018/6/1 0:21,6
省NOC,广州_马场_MSCe19,MSCe,2018/6/1 0:21,5
省NOC,广州_马场_MSCe19,MSCe,2018/6/1 0:21,6
省NOC,广州_东莞庄_MSCe20,MSCe,2018/6/1 0:21,3
省NOC,广州_马场_MSCe19,MSCe,2018/6/1 0:21,5
省NOC,广州_马场_MSCe19,MSCe,2018/6/1 0:21,6
省NOC,广州_马场_MSCe19,MSCe,2018/6/1 0:21,5
省NOC,广州_马场_MSCe19,MSCe,2018/6/1 0:21,6
省NOC,广州_东莞庄_MSCe20,MSCe,2018/6/1 0:21,6
省NOC,广州_东莞庄_MSCe20,MSCe,2018/6/1 0:21,6
省NOC,广州_东莞庄_MSCe20,MSCe,2018/6/1 0:21,6
省NOC,广州_东莞庄_MSCe20,MSCe,2018/6/1 0:21,6
省NOC,广州_东莞庄_MSCe20,MSCe,2018/6/1 0:21,6
省NOC,广州_马场_MSCe19,MSCe,2018/6/1 0:21,5
珠海,珠海_新香洲_MGW2,MGW,2018/6/1 0:21,6
省NOC,广州_马场_MSCe19,MSCe,2018/6/1 0:21,6
省NOC,广州_马场_MSCe19,MSCe,2018/6/1 0:22,5
省NOC,广州_马场_MSCe19,MSCe,2018/6/1 0:22,6
省NOC,广州_马场_MSCe19,MSCe,2018/6/1 0:22,5
省NOC,广州_马场_MSCe19,MSCe,2018/6/1 0:22,6
省NOC,广州_马场_MSCe19,MSCe,2018/6/1 0:22,5
珠海,珠海_新香洲_MGW2,MGW,2018/6/1 0:22,4
省NOC,广州_马场_MSCe19,MSCe,2018/6/1 0:22,6
江门,江门_枢纽_MGW2,MGW,2018/6/1 0:22,4
省NOC,广州_马场_MSCe19,MSCe,2018/6/1 0:22,5
省NOC,广州_马场_MSCe19,MSCe,2018/6/1 0:22,6
省NOC,广州_马场_MSCe19,MSCe,2018/6/1 0:22,5
省NOC,广州_马场_MSCe19,MSCe,2018/6/1 0:22,6
江门,江门_枢纽_MGW2,MGW,2018/6/1 0:23,6
省NOC,广州_东莞庄_MSCe20,MSCe,2018/6/1 0:23,3
省NOC,广州_东莞庄_MSCe20,MSCe,2018/6/1 0:24,3
省NOC,广州_东莞庄_MSCe20,MSCe,2018/6/1 0:24,3
省NOC,广州_东莞庄_MSCe20,MSCe,2018/6/1 0:24,3
江门,江门_炮台_MGW1,MGW,2018/6/1 0:24,4
省NOC,广州_东莞庄_MSCe20,MSCe,2018/6/1 0:24,4
省NOC,广州_东莞庄_MSCe20,MSCe,2018/6/1 0:24,6
珠海,珠海_新香洲_MGW2,MGW,2018/6/1 0:24,6
江门,江门_炮台_MGW1,MGW,2018/6/1 0:24,6
省NOC,广州_东莞庄_MSCe20,MSCe,2018/6/1 0:24,6
省NOC,广州_东莞庄_MSCe20,MSCe,2018/6/1 0:24,6
省NOC,广州_东莞庄_MSCe20,MSCe,2018/6/1 0:24,6
省NOC,广州_东莞庄_MSCe20,MSCe,2018/6/1 0:24,6
珠海,珠海_新香洲_MGW2,MGW,2018/6/1 0:26,4
珠海,珠海_新香洲_MGW2,MGW,2018/6/1 0:27,6
江门,江门_炮台_MGW1,MGW,2018/6/1 0:27,4
省NOC,广州_东莞庄_MSCe20,MSCe,2018/6/1 0:27,3
省NOC,广州_东莞庄_MSCe20,MSCe,2018/6/1 0:27,3
省NOC,广州_东莞庄_MSCe20,MSCe,2018/6/1 0:27,3
省NOC,广州_东莞庄_MSCe20,MSCe,2018/6/1 0:27,3
省NOC,广州_东莞庄_MSCe20,MSCe,2018/6/1 0:27,4
省NOC,广州_东莞庄_MSCe20,MSCe,2018/6/1 0:27,6
江门,江门_炮台_MGW1,MGW,2018/6/1 0:28,6
省NOC,广州_东莞庄_MSCe20,MSCe,2018/6/1 0:28,6
省NOC,广州_东莞庄_MSCe20,MSCe,2018/6/1 0:28,6
省NOC,广州_东莞庄_MSCe20,MSCe,2018/6/1 0:28,6
省NOC,广州_东莞庄_MSCe20,MSCe,2018/6/1 0:28,6
江门,江门_炮台_MGW1,MGW,2018/6/1 0:29,4
珠海,珠海_新香洲_MGW2,MGW,2018/6/1 0:29,4
珠海,珠海_新香洲_MGW2,MGW,2018/6/1 0:30,6
珠海,珠海_拱北_MGW1,MGW,2018/6/1 0:30,4
江门,江门_炮台_MGW1,MGW,2018/6/1 0:30,6
省NOC,广州_马场_MSCe19,MSCe,2018/6/1 0:30,6
珠海,珠海_新香洲_MGW2,MGW,2018/6/1 0:30,4
珠海,珠海_拱北_MGW1,MGW,2018/6/1 0:30,6
省NOC,广州_东莞庄_MSCe20,MSCe,2018/6/1 0:30,3
省NOC,广州_东莞庄_MSCe20,MSCe,2018/6/1 0:30,3
省NOC,广州_东莞庄_MSCe20,MSCe,2018/6/1 0:30,3
省NOC,广州_东莞庄_MSCe20,MSCe,2018/6/1 0:30,3
省NOC,广州_东莞庄_MSCe20,MSCe,2018/6/1 0:30,4
省NOC,广州_东莞庄_MSCe20,MSCe,2018/6/1 0:30,6
珠海,珠海_新香洲_MGW2,MGW,2018/6/1 0:31,6
省NOC,广州_东莞庄_MSCe20,MSCe,2018/6/1 0:31,6
省NOC,广州_东莞庄_MSCe20,MSCe,2018/6/1 0:31,6
省NOC,广州_东莞庄_MSCe20,MSCe,2018/6/1 0:31,6
省NOC,广州_东莞庄_MSCe20,MSCe,2018/6/1 0:31,6
江门,江门_炮台_MGW1,MGW,2018/6/1 0:31,4
江门,江门_炮台_MGW1,MGW,2018/6/1 0:32,6
珠海,珠海_新香洲_MGW2,MGW,2018/6/1 0:33,4
珠海,珠海_新香洲_MGW2,MGW,2018/6/1 0:33,6
珠海,珠海_新香洲_MGW2,MGW,2018/6/1 0:34,4
省NOC,广州_东莞庄_MSCe20,MSCe,2018/6/1 0:34,3
省NOC,广州_东莞庄_MSCe20,MSCe,2018/6/1 0:34,3
省NOC,广州_东莞庄_MSCe20,MSCe,2018/6/1 0:34,3
省NOC,广州_东莞庄_MSCe20,MSCe,2018/6/1 0:34,3
省NOC,广州_东莞庄_MSCe20,MSCe,2018/6/1 0:34,6
省NOC,广州_东莞庄_MSCe20,MSCe,2018/6/1 0:34,4
珠海,珠海_新香洲_MGW2,MGW,2018/6/1 0:34,6
珠海,珠海_拱北_MGW1,MGW,2018/6/1 0:34,4
省NOC,广州_东莞庄_MSCe20,MSCe,2018/6/1 0:35,6
省NOC,广州_东莞庄_MSCe20,MSCe,2018/6/1 0:35,6
省NOC,广州_东莞庄_MSCe20,MSCe,2018/6/1 0:35,6
省NOC,广州_东莞庄_MSCe20,MSCe,2018/6/1 0:35,6
珠海,珠海_拱北_MGW1,MGW,2018/6/1 0:35,6
江门,江门_炮台_MGW1,MGW,2018/6/1 0:35,4
省NOC,广州_东莞庄_MSCe20,MSCE,2018/6/1 0:35,5
省NOC,广州_东莞庄_MSCe20,MSCE,2018/6/1 0:35,6
珠海,珠海_新香洲_MGW2,MGW,2018/6/1 0:36,4
江门,江门_炮台_MGW1,MGW,2018/6/1 0:36,6
省NOC,广州_东莞庄_MSCe20,MSCe,2018/6/1 0:37,3
省NOC,广州_东莞庄_MSCe20,MSCe,2018/6/1 0:37,3
省NOC,广州_东莞庄_MSCe20,MSCe,2018/6/1 0:37,3
省NOC,广州_东莞庄_MSCe20,MSCe,2018/6/1 0:37,3
省NOC,广州_东莞庄_MSCe20,MSCe,2018/6/1 0:37,4
省NOC,广州_东莞庄_MSCe20,MSCe,2018/6/1 0:37,6
珠海,珠海_新香洲_MGW2,MGW,2018/6/1 0:37,6
省NOC,广州_东莞庄_MSCe20,MSCe,2018/6/1 0:38,6
省NOC,广州_东莞庄_MSCe20,MSCe,2018/6/1 0:38,6
省NOC,广州_东莞庄_MSCe20,MSCe,2018/6/1 0:38,6
省NOC,广州_东莞庄_MSCe20,MSCe,2018/6/1 0:38,6
江门,江门_炮台_MGW1,MGW,2018/6/1 0:38,4
珠海,珠海_拱北_MGW1,MGW,2018/6/1 0:38,4
江门,江门_枢纽_MGW2,MGW,2018/6/1 0:38,4
江门,江门_炮台_MGW1,MGW,2018/6/1 0:38,6
珠海,珠海_拱北_MGW1,MGW,2018/6/1 0:38,6
江门,江门_枢纽_MGW2,MGW,2018/6/1 0:39,6
省NOC,广州_东莞庄_MSCe20,MSCe,2018/6/1 0:40,3
省NOC,广州_东莞庄_MSCe20,MSCe,2018/6/1 0:40,3
省NOC,广州_东莞庄_MSCe20,MSCe,2018/6/1 0:40,3
省NOC,广州_东莞庄_MSCe20,MSCe,2018/6/1 0:40,6
省NOC,广州_东莞庄_MSCe20,MSCe,2018/6/1 0:40,6
省NOC,广州_东莞庄_MSCe20,MSCe,2018/6/1 0:40,6
珠海,珠海_新香洲_MGW2,MGW,2018/6/1 0:40,4
省NOC,广州_东莞庄_MSCe20,MSCe,2018/6/1 0:41,3
省NOC,广州_东莞庄_MSCe20,MSCe,2018/6/1 0:41,3
省NOC,广州_东莞庄_MSCe20,MSCe,2018/6/1 0:41,3
省NOC,广州_东莞庄_MSCe20,MSCe,2018/6/1 0:41,3
省NOC,广州_东莞庄_MSCe20,MSCe,2018/6/1 0:41,4
省NOC,广州_东莞庄_MSCe20,MSCe,2018/6/1 0:41,6
珠海,珠海_新香洲_MGW2,MGW,2018/6/1 0:41,6
省NOC,广州_东莞庄_MSCe20,MSCe,2018/6/1 0:41,3
省NOC,广州_东莞庄_MSCe20,MSCe,2018/6/1 0:41,6
省NOC,广州_东莞庄_MSCe20,MSCe,2018/6/1 0:41,6
省NOC,广州_东莞庄_MSCe20,MSCe,2018/6/1 0:41,6
省NOC,广州_东莞庄_MSCe20,MSCe,2018/6/1 0:42,6
省NOC,广州_东莞庄_MSCe20,MSCe,2018/6/1 0:42,6
珠海,珠海_拱北_MGW1,MGW,2018/6/1 0:42,4
珠海,珠海_新香洲_MGW2,MGW,2018/6/1 0:42,4
珠海,珠海_拱北_MGW1,MGW,2018/6/1 0:42,6
江门,江门_枢纽_MGW2,MGW,2018/6/1 0:43,4
珠海,珠海_新香洲_MGW2,MGW,2018/6/1 0:44,6
省NOC,广州_东莞庄_MSCe20,MSCe,2018/6/1 0:44,3
省NOC,广州_东莞庄_MSCe20,MSCe,2018/6/1 0:44,3
省NOC,广州_东莞庄_MSCe20,MSCe,2018/6/1 0:44,3
省NOC,广州_东莞庄_MSCe20,MSCe,2018/6/1 0:44,3
省NOC,广州_东莞庄_MSCe20,MSCe,2018/6/1 0:44,4
江门,江门_枢纽_MGW2,MGW,2018/6/1 0:44,6
省NOC,广州_东莞庄_MSCe20,MSCe,2018/6/1 0:44,6
江门,江门_枢纽_MGW2,MGW,2018/6/1 0:44,4
珠海,珠海_新香洲_MGW2,MGW,2018/6/1 0:45,4
省NOC,广州_东莞庄_MSCe20,MSCe,2018/6/1 0:45,6
省NOC,广州_东莞庄_MSCe20,MSCe,2018/6/1 0:45,6
省NOC,广州_东莞庄_MSCe20,MSCe,2018/6/1 0:45,6
省NOC,广州_东莞庄_MSCe20,MSCe,2018/6/1 0:45,6
江门,江门_枢纽_MGW2,MGW,2018/6/1 0:45,6
珠海,珠海_新香洲_MGW2,MGW,2018/6/1 0:45,6
珠海,珠海_拱北_MGW1,MGW,2018/6/1 0:46,4
珠海,珠海_拱北_MGW1,MGW,2018/6/1 0:46,6
珠海,珠海_新香洲_MGW2,MGW,2018/6/1 0:46,4
江门,江门_枢纽_MGW2,MGW,2018/6/1 0:47,4
省NOC,广州_东莞庄_MSCe20,MSCe,2018/6/1 0:47,3
省NOC,广州_东莞庄_MSCe20,MSCe,2018/6/1 0:47,3
省NOC,广州_东莞庄_MSCe20,MSCe,2018/6/1 0:47,3
省NOC,广州_东莞庄_MSCe20,MSCe,2018/6/1 0:47,3
江门,江门_枢纽_MGW2,MGW,2018/6/1 0:47,6
省NOC,广州_东莞庄_MSCe20,MSCe,2018/6/1 0:47,4
省NOC,广州_东莞庄_MSCe20,MSCe,2018/6/1 0:48,6
省NOC,广州_东莞庄_MSCe20,MSCe,2018/6/1 0:48,6
省NOC,广州_东莞庄_MSCe20,MSCe,2018/6/1 0:48,6
省NOC,广州_东莞庄_MSCe20,MSCe,2018/6/1 0:48,6
省NOC,广州_东莞庄_MSCe20,MSCe,2018/6/1 0:48,6
珠海,珠海_新香洲_MGW2,MGW,2018/6/1 0:50,6
珠海,珠海_新香洲_MGW2,MGW,2018/6/1 0:50,4
省NOC,广州_马场_MSCe19,MSCe,2018/6/1 0:50,5
省NOC,广州_马场_MSCe19,MSCe,2018/6/1 0:50,6
省NOC,广州_东莞庄_MSCe20,MSCe,2018/6/1 0:50,3
省NOC,广州_东莞庄_MSCe20,MSCe,2018/6/1 0:51,3
省NOC,广州_东莞庄_MSCe20,MSCe,2018/6/1 0:51,3
省NOC,广州_东莞庄_MSCe20,MSCe,2018/6/1 0:51,3
珠海,珠海_新香洲_MGW2,MGW,2018/6/1 0:51,6
省NOC,广州_马场_MSCe19,MSCe,2018/6/1 0:51,5
省NOC,广州_马场_MSCe19,MSCe,2018/6/1 0:51,6
省NOC,广州_东莞庄_MSCe20,MSCe,2018/6/1 0:51,4
省NOC,广州_东莞庄_MSCe20,MSCe,2018/6/1 0:51,6
省NOC,广州_马场_MSCe19,MSCe,2018/6/1 0:51,5
省NOC,广州_马场_MSCe19,MSCe,2018/6/1 0:51,6
省NOC,广州_马场_MSCe19,MSCe,2018/6/1 0:51,5
省NOC,广州_马场_MSCe19,MSCe,2018/6/1 0:51,6
省NOC,广州_马场_MSCe19,MSCe,2018/6/1 0:51,5
省NOC,广州_马场_MSCe19,MSCe,2018/6/1 0:51,6
珠海,珠海_拱北_MGW1,MGW,2018/6/1 0:51,4
珠海,珠海_新香洲_MGW2,MGW,2018/6/1 0:51,4
省NOC,广州_马场_MSCe19,MSCe,2018/6/1 0:51,5
省NOC,广州_马场_MSCe19,MSCe,2018/6/1 0:51,6
省NOC,广州_东莞庄_MSCe20,MSCe,2018/6/1 0:51,6
省NOC,广州_东莞庄_MSCe20,MSCe,2018/6/1 0:51,6
省NOC,广州_东莞庄_MSCe20,MSCe,2018/6/1 0:51,6
省NOC,广州_东莞庄_MSCe20,MSCe,2018/6/1 0:51,6
省NOC,广州_马场_MSCe19,MSCe,2018/6/1 0:51,5
省NOC,广州_马场_MSCe19,MSCe,2018/6/1 0:51,6
省NOC,广州_马场_MSCe19,MSCe,2018/6/1 0:52,5
省NOC,广州_马场_MSCe19,MSCe,2018/6/1 0:52,6
珠海,珠海_新香洲_MGW2,MGW,2018/6/1 0:52,6
珠海,珠海_拱北_MGW1,MGW,2018/6/1 0:52,6
省NOC,广州_马场_MSCe19,MSCe,2018/6/1 0:52,5
省NOC,广州_马场_MSCe19,MSCe,2018/6/1 0:52,6
省NOC,广州_马场_MSCe19,MSCe,2018/6/1 0:52,5
省NOC,广州_马场_MSCe19,MSCe,2018/6/1 0:52,6
省NOC,广州_马场_MSCe19,MSCe,2018/6/1 0:52,5
省NOC,广州_马场_MSCe19,MSCe,2018/6/1 0:52,6
珠海,珠海_新香洲_MGW2,MGW,2018/6/1 0:52,4
省NOC,广州_马场_MSCe19,MSCe,2018/6/1 0:52,5
省NOC,广州_马场_MSCe19,MSCe,2018/6/1 0:52,6
珠海,珠海_新香洲_MGW2,MGW,2018/6/1 0:53,6
珠海,珠海_新香洲_MGW2,MGW,2018/6/1 0:53,4
江门,江门_枢纽_MGW2,MGW,2018/6/1 0:54,4
江门,江门_枢纽_MGW2,MGW,2018/6/1 0:54,6
省NOC,广州_东莞庄_MSCe20,MSCe,2018/6/1 0:54,3
省NOC,广州_东莞庄_MSCe20,MSCe,2018/6/1 0:54,3
省NOC,广州_东莞庄_MSCe20,MSCe,2018/6/1 0:54,3
省NOC,广州_东莞庄_MSCe20,MSCe,2018/6/1 0:54,3
省NOC,广州_东莞庄_MSCe20,MSCe,2018/6/1 0:54,4
省NOC,广州_东莞庄_MSCe20,MSCe,2018/6/1 0:54,6
省NOC,广州_东莞庄_MSCe20,MSCe,2018/6/1 0:55,6
省NOC,广州_东莞庄_MSCe20,MSCe,2018/6/1 0:55,6
省NOC,广州_东莞庄_MSCe20,MSCe,2018/6/1 0:55,6
省NOC,广州_东莞庄_MSCe20,MSCe,2018/6/1 0:55,6
江门,江门_炮台_MGW1,MGW,2018/6/1 0:55,4
珠海,珠海_拱北_MGW1,MGW,2018/6/1 0:56,4
珠海,珠海_新香洲_MGW2,MGW,2018/6/1 0:56,6
江门,江门_炮台_MGW1,MGW,2018/6/1 0:56,6
珠海,珠海_拱北_MGW1,MGW,2018/6/1 0:56,6
珠海,珠海_新香洲_MGW2,MGW,2018/6/1 0:56,4
江门,江门_炮台_MGW1,MGW,2018/6/1 0:57,4
江门,江门_炮台_MGW1,MGW,2018/6/1 0:58,6
江门,江门_枢纽_MGW2,MGW,2018/6/1 1:00,4
江门,江门_炮台_MGW1,MGW,2018/6/1 1:00,4
江门,江门_枢纽_MGW2,MGW,2018/6/1 1:00,6
江门,江门_炮台_MGW1,MGW,2018/6/1 1:00,6
江门,江门_炮台_MGW1,MGW,2018/6/1 1:07,4
江门,江门_炮台_MGW1,MGW,2018/6/1 1:08,6
珠海,珠海_拱北_MGW1,MGW,2018/6/1 1:09,4
珠海,珠海_新香洲_MGW2,MGW,2018/6/1 1:09,4
珠海,珠海_拱北_MGW1,MGW,2018/6/1 1:10,6
珠海,珠海_新香洲_MGW2,MGW,2018/6/1 1:10,6
江门,江门_炮台_MGW1,MGW,2018/6/1 1:10,4
江门,江门_炮台_MGW1,MGW,2018/6/1 1:11,6
省NOC,广州_东莞庄_MSCe20,MSCe,2018/6/1 1:11,3
省NOC,广州_东莞庄_MSCe20,MSCe,2018/6/1 1:11,3
省NOC,广州_东莞庄_MSCe20,MSCe,2018/6/1 1:11,3
省NOC,广州_东莞庄_MSCe20,MSCe,2018/6/1 1:11,3
省NOC,广州_东莞庄_MSCe20,MSCe,2018/6/1 1:11,4
省NOC,广州_东莞庄_MSCe20,MSCe,2018/6/1 1:11,6
省NOC,广州_东莞庄_MSCe20,MSCe,2018/6/1 1:12,6
省NOC,广州_东莞庄_MSCe20,MSCe,2018/6/1 1:12,6
省NOC,广州_东莞庄_MSCe20,MSCe,2018/6/1 1:12,6
省NOC,广州_东莞庄_MSCe20,MSCe,2018/6/1 1:12,6
珠海,珠海_拱北_MGW1,MGW,2018/6/1 1:12,4
珠海,珠海_新香洲_MGW2,MGW,2018/6/1 1:13,4
珠海,珠海_拱北_MGW1,MGW,2018/6/1 1:13,6
江门,江门_枢纽_MGW2,MGW,2018/6/1 1:13,4
江门,江门_枢纽_MGW2,MGW,2018/6/1 1:13,6
省NOC,广州_东莞庄_MSCe20,MSCe,2018/6/1 1:14,3
省NOC,广州_东莞庄_MSCe20,MSCe,2018/6/1 1:14,3
省NOC,广州_东莞庄_MSCe20,MSCe,2018/6/1 1:14,3
省NOC,广州_东莞庄_MSCe20,MSCe,2018/6/1 1:14,3
省NOC,广州_东莞庄_MSCe20,MSCe,2018/6/1 1:14,4
省NOC,广州_东莞庄_MSCe20,MSCe,2018/6/1 1:14,6
江门,江门_炮台_MGW1,MGW,2018/6/1 1:15,4
省NOC,广州_东莞庄_MSCe20,MSCe,2018/6/1 1:15,6
省NOC,广州_东莞庄_MSCe20,MSCe,2018/6/1 1:15,6
省NOC,广州_东莞庄_MSCe20,MSCe,2018/6/1 1:15,6
省NOC,广州_东莞庄_MSCe20,MSCe,2018/6/1 1:15,6
江门,江门_炮台_MGW1,MGW,2018/6/1 1:15,6
珠海,珠海_新香洲_MGW2,MGW,2018/6/1 1:16,6
江门,江门_炮台_MGW1,MGW,2018/6/1 1:16,4
江门,江门_炮台_MGW1,MGW,2018/6/1 1:17,6
省NOC,广州_东莞庄_MSCe20,MSCe,2018/6/1 1:18,3
省NOC,广州_东莞庄_MSCe20,MSCe,2018/6/1 1:18,3
省NOC,广州_东莞庄_MSCe20,MSCe,2018/6/1 1:17,3
省NOC,广州_东莞庄_MSCe20,MSCe,2018/6/1 1:18,3
省NOC,广州_东莞庄_MSCe20,MSCe,2018/6/1 1:18,4
省NOC,广州_东莞庄_MSCe20,MSCe,2018/6/1 1:18,6
珠海,珠海_拱北_MGW1,MGW,2018/6/1 1:18,4
珠海,珠海_新香洲_MGW2,MGW,2018/6/1 1:18,4
珠海,珠海_拱北_MGW1,MGW,2018/6/1 1:18,6
省NOC,广州_东莞庄_MSCe20,MSCe,2018/6/1 1:18,6
省NOC,广州_东莞庄_MSCe20,MSCe,2018/6/1 1:18,6
省NOC,广州_东莞庄_MSCe20,MSCe,2018/6/1 1:18,6
省NOC,广州_东莞庄_MSCe20,MSCe,2018/6/1 1:18,6
珠海,珠海_新香洲_MGW2,MGW,2018/6/1 1:19,6
江门,江门_枢纽_MGW2,MGW,2018/6/1 1:19,4
珠海,珠海_新香洲_MGW2,MGW,2018/6/1 1:19,4
江门,江门_枢纽_MGW2,MGW,2018/6/1 1:20,6
珠海,珠海_新香洲_MGW2,MGW,2018/6/1 1:20,6
珠海,珠海_新香洲_MGW2,MGW,2018/6/1 1:20,4
江门,江门_炮台_MGW1,MGW,2018/6/1 1:20,4
省NOC,广州_马场_MSCe19,MSCe,2018/6/1 1:20,5
省NOC,广州_马场_MSCe19,MSCe,2018/6/1 1:20,6
省NOC,广州_马场_MSCe19,MSCe,2018/6/1 1:21,5
省NOC,广州_马场_MSCe19,MSCe,2018/6/1 1:21,6
省NOC,广州_马场_MSCe19,MSCe,2018/6/1 1:21,5
省NOC,广州_马场_MSCe19,MSCe,2018/6/1 1:21,6
江门,江门_炮台_MGW1,MGW,2018/6/1 1:21,6
省NOC,广州_马场_MSCe19,MSCe,2018/6/1 1:21,5
省NOC,广州_马场_MSCe19,MSCe,2018/6/1 1:21,6
省NOC,广州_东莞庄_MSCe20,MSCe,2018/6/1 1:21,3
省NOC,广州_东莞庄_MSCe20,MSCe,2018/6/1 1:21,3
省NOC,广州_东莞庄_MSCe20,MSCe,2018/6/1 1:21,3
省NOC,广州_东莞庄_MSCe20,MSCe,2018/6/1 1:21,3
省NOC,广州_东莞庄_MSCe20,MSCe,2018/6/1 1:21,4
省NOC,广州_马场_MSCe19,MSCe,2018/6/1 1:21,5
省NOC,广州_东莞庄_MSCe20,MSCe,2018/6/1 1:21,6
省NOC,广州_马场_MSCe19,MSCe,2018/6/1 1:21,6
省NOC,广州_马场_MSCe19,MSCe,2018/6/1 1:21,5
省NOC,广州_马场_MSCe19,MSCe,2018/6/1 1:21,6
珠海,珠海_新香洲_MGW2,MGW,2018/6/1 1:21,6
省NOC,广州_马场_MSCe19,MSCe,2018/6/1 1:21,5
省NOC,广州_马场_MSCe19,MSCe,2018/6/1 1:21,6
省NOC,广州_马场_MSCe19,MSCe,2018/6/1 1:22,5
省NOC,广州_马场_MSCe19,MSCe,2018/6/1 1:22,6
省NOC,广州_马场_MSCe19,MSCe,2018/6/1 1:22,5
省NOC,广州_马场_MSCe19,MSCe,2018/6/1 1:22,6
省NOC,广州_东莞庄_MSCe20,MSCe,2018/6/1 1:22,6
省NOC,广州_东莞庄_MSCe20,MSCe,2018/6/1 1:22,6
省NOC,广州_东莞庄_MSCe20,MSCe,2018/6/1 1:22,6
省NOC,广州_东莞庄_MSCe20,MSCe,2018/6/1 1:22,6
珠海,珠海_新香洲_MGW2,MGW,2018/6/1 1:22,4
省NOC,广州_马场_MSCe19,MSCe,2018/6/1 1:22,5
省NOC,广州_马场_MSCe19,MSCe,2018/6/1 1:22,6
省NOC,广州_马场_MSCe19,MSCe,2018/6/1 1:22,5
省NOC,广州_马场_MSCe19,MSCe,2018/6/1 1:22,6
省NOC,广州_马场_MSCe19,MSCe,2018/6/1 1:22,5
省NOC,广州_马场_MSCe19,MSCe,2018/6/1 1:22,6
珠海,珠海_新香洲_MGW2,MGW,2018/6/1 1:22,6
江门,江门_枢纽_MGW2,MGW,2018/6/1 1:22,4
珠海,珠海_新香洲_MGW2,MGW,2018/6/1 1:23,4
江门,江门_炮台_MGW1,MGW,2018/6/1 1:23,4
珠海,珠海_新香洲_MGW2,MGW,2018/6/1 1:23,6
江门,江门_枢纽_MGW2,MGW,2018/6/1 1:23,6
江门,江门_枢纽_MGW2,MGW,2018/6/1 1:24,4
江门,江门_炮台_MGW1,MGW,2018/6/1 1:24,6
省NOC,广州_东莞庄_MSCe20,MSCe,2018/6/1 1:24,3
省NOC,广州_东莞庄_MSCe20,MSCe,2018/6/1 1:24,3
省NOC,广州_东莞庄_MSCe20,MSCe,2018/6/1 1:24,3
省NOC,广州_东莞庄_MSCe20,MSCe,2018/6/1 1:24,3
省NOC,广州_东莞庄_MSCe20,MSCe,2018/6/1 1:24,4
省NOC,广州_东莞庄_MSCe20,MSCe,2018/6/1 1:24,6
江门,江门_枢纽_MGW2,MGW,2018/6/1 1:24,6
珠海,珠海_新香洲_MGW2,MGW,2018/6/1 1:24,4
省NOC,广州_马场_MSCe19,MSCe,2018/6/1 1:25,6
珠海,珠海_新香洲_MGW2,MGW,2018/6/1 1:25,6
省NOC,广州_东莞庄_MSCe20,MSCe,2018/6/1 1:25,3
省NOC,广州_东莞庄_MSCe20,MSCe,2018/6/1 1:25,6
省NOC,广州_东莞庄_MSCe20,MSCe,2018/6/1 1:25,6
省NOC,广州_东莞庄_MSCe20,MSCe,2018/6/1 1:25,6
省NOC,广州_东莞庄_MSCe20,MSCe,2018/6/1 1:25,6
省NOC,广州_东莞庄_MSCe20,MSCe,2018/6/1 1:25,6
珠海,珠海_新香洲_MGW2,MGW,2018/6/1 1:25,4
省NOC,广州_东莞庄_MSCe20,MSCe,2018/6/1 1:26,3
省NOC,广州_东莞庄_MSCe20,MSCe,2018/6/1 1:26,6
江门,江门_炮台_MGW1,MGW,2018/6/1 1:26,4
珠海,珠海_新香洲_MGW2,MGW,2018/6/1 1:26,6
江门,江门_炮台_MGW1,MGW,2018/6/1 1:27,6
珠海,珠海_新香洲_MGW2,MGW,2018/6/1 1:27,4
珠海,珠海_新香洲_MGW2,MGW,2018/6/1 1:27,6
省NOC,广州_东莞庄_MSCe20,MSCe,2018/6/1 1:28,3
省NOC,广州_东莞庄_MSCe20,MSCe,2018/6/1 1:28,3
省NOC,广州_东莞庄_MSCe20,MSCe,2018/6/1 1:28,3
省NOC,广州_东莞庄_MSCe20,MSCe,2018/6/1 1:28,3
省NOC,广州_东莞庄_MSCe20,MSCe,2018/6/1 1:28,4
省NOC,广州_东莞庄_MSCe20,MSCe,2018/6/1 1:28,6
江门,江门_枢纽_MGW2,MGW,2018/6/1 1:28,4
珠海,珠海_新香洲_MGW2,MGW,2018/6/1 1:28,4
珠海,珠海_新香洲_MGW2,MGW,2018/6/1 1:29,6
省NOC,广州_东莞庄_MSCe20,MSCe,2018/6/1 1:29,6
省NOC,广州_东莞庄_MSCe20,MSCe,2018/6/1 1:29,6
省NOC,广州_东莞庄_MSCe20,MSCe,2018/6/1 1:29,6
省NOC,广州_东莞庄_MSCe20,MSCe,2018/6/1 1:29,6
珠海,珠海_新香洲_MGW2,MGW,2018/6/1 1:29,4
省NOC,广州_东莞庄_MSCe20,MSCe,2018/6/1 1:31,3
省NOC,广州_东莞庄_MSCe20,MSCe,2018/6/1 1:31,3
省NOC,广州_东莞庄_MSCe20,MSCe,2018/6/1 1:31,3
省NOC,广州_东莞庄_MSCe20,MSCe,2018/6/1 1:31,3
省NOC,广州_东莞庄_MSCe20,MSCe,2018/6/1 1:31,4
省NOC,广州_东莞庄_MSCe20,MSCe,2018/6/1 1:31,6
珠海,珠海_新香洲_MGW2,MGW,2018/6/1 1:32,6
省NOC,广州_东莞庄_MSCe20,MSCe,2018/6/1 1:32,6
省NOC,广州_东莞庄_MSCe20,MSCe,2018/6/1 1:32,6
省NOC,广州_东莞庄_MSCe20,MSCe,2018/6/1 1:32,6
省NOC,广州_东莞庄_MSCe20,MSCe,2018/6/1 1:32,6
珠海,珠海_新香洲_MGW2,MGW,2018/6/1 1:33,4
珠海,珠海_新香洲_MGW2,MGW,2018/6/1 1:33,6
珠海,珠海_新香洲_MGW2,MGW,2018/6/1 1:34,4
珠海,珠海_新香洲_MGW2,MGW,2018/6/1 1:34,6
珠海,珠海_拱北_MGW1,MGW,2018/6/1 1:34,4
省NOC,广州_东莞庄_MSCe20,MSCe,2018/6/1 1:34,3
省NOC,广州_东莞庄_MSCe20,MSCe,2018/6/1 1:34,3
省NOC,广州_东莞庄_MSCe20,MSCe,2018/6/1 1:34,3
省NOC,广州_东莞庄_MSCe20,MSCe,2018/6/1 1:34,3
省NOC,广州_东莞庄_MSCe20,MSCe,2018/6/1 1:35,4
省NOC,广州_东莞庄_MSCe20,MSCe,2018/6/1 1:35,6
珠海,珠海_新香洲_MGW2,MGW,2018/6/1 1:35,4
珠海,珠海_拱北_MGW1,MGW,2018/6/1 1:35,6
珠海,珠海_新香洲_MGW2,MGW,2018/6/1 1:35,6
省NOC,广州_东莞庄_MSCe20,MSCe,2018/6/1 1:35,6
省NOC,广州_东莞庄_MSCe20,MSCe,2018/6/1 1:35,6
省NOC,广州_东莞庄_MSCe20,MSCe,2018/6/1 1:35,6
省NOC,广州_东莞庄_MSCe20,MSCe,2018/6/1 1:35,6
珠海,珠海_新香洲_MGW2,MGW,2018/6/1 1:36,4
珠海,珠海_新香洲_MGW2,MGW,2018/6/1 1:37,6
珠海,珠海_新香洲_MGW2,MGW,2018/6/1 1:37,4
省NOC,广州_东莞庄_MSCe20,MSCe,2018/6/1 1:38,3
省NOC,广州_东莞庄_MSCe20,MSCe,2018/6/1 1:38,3
省NOC,广州_东莞庄_MSCe20,MSCe,2018/6/1 1:38,3
省NOC,广州_东莞庄_MSCe20,MSCe,2018/6/1 1:38,3
省NOC,广州_东莞庄_MSCe20,MSCe,2018/6/1 1:38,4
省NOC,广州_东莞庄_MSCe20,MSCe,2018/6/1 1:38,6
珠海,珠海_新香洲_MGW2,MGW,2018/6/1 1:38,6
省NOC,广州_东莞庄_MSCe20,MSCe,2018/6/1 1:39,6
省NOC,广州_东莞庄_MSCe20,MSCe,2018/6/1 1:39,6
省NOC,广州_东莞庄_MSCe20,MSCe,2018/6/1 1:39,6
省NOC,广州_东莞庄_MSCe20,MSCe,2018/6/1 1:39,6
珠海,珠海_新香洲_MGW2,MGW,2018/6/1 1:39,4
珠海,珠海_拱北_MGW1,MGW,2018/6/1 1:39,4
江门,江门_炮台_MGW1,MGW,2018/6/1 1:40,4
珠海,珠海_拱北_MGW1,MGW,2018/6/1 1:40,6
珠海,珠海_新香洲_MGW2,MGW,2018/6/1 1:40,6
江门,江门_炮台_MGW1,MGW,2018/6/1 1:40,6
珠海,珠海_新香洲_MGW2,MGW,2018/6/1 1:41,4
省NOC,广州_东莞庄_MSCe20,MSCe,2018/6/1 1:41,3
省NOC,广州_东莞庄_MSCe20,MSCe,2018/6/1 1:41,3
省NOC,广州_东莞庄_MSCe20,MSCe,2018/6/1 1:41,3
省NOC,广州_东莞庄_MSCe20,MSCe,2018/6/1 1:41,3
珠海,珠海_新香洲_MGW2,MGW,2018/6/1 1:41,6
省NOC,广州_东莞庄_MSCe20,MSCe,2018/6/1 1:41,4
省NOC,广州_东莞庄_MSCe20,MSCe,2018/6/1 1:41,6
江门,江门_炮台_MGW1,MGW,2018/6/1 1:42,4
省NOC,广州_东莞庄_MSCe20,MSCe,2018/6/1 1:42,6
省NOC,广州_东莞庄_MSCe20,MSCe,2018/6/1 1:42,6
省NOC,广州_东莞庄_MSCe20,MSCe,2018/6/1 1:42,6
省NOC,广州_东莞庄_MSCe20,MSCe,2018/6/1 1:42,6
江门,江门_炮台_MGW1,MGW,2018/6/1 1:43,6
省NOC,广州_马场_MSCe19,MSCE,2018/6/1 1:43,5
省NOC,广州_马场_MSCe19,MSCE,2018/6/1 1:43,6
江门,江门_炮台_MGW1,MGW,2018/6/1 1:43,4
江门,江门_炮台_MGW1,MGW,2018/6/1 1:44,6
省NOC,广州_东莞庄_MSCe20,MSCe,2018/6/1 1:44,3
省NOC,广州_东莞庄_MSCe20,MSCe,2018/6/1 1:45,3
省NOC,广州_东莞庄_MSCe20,MSCe,2018/6/1 1:45,3
省NOC,广州_东莞庄_MSCe20,MSCe,2018/6/1 1:45,3
省NOC,广州_东莞庄_MSCe20,MSCe,2018/6/1 1:45,4
省NOC,广州_东莞庄_MSCe20,MSCe,2018/6/1 1:45,6
省NOC,广州_东莞庄_MSCe20,MSCe,2018/6/1 1:45,3
江门,江门_枢纽_MGW2,MGW,2018/6/1 1:45,4
省NOC,广州_东莞庄_MSCe20,MSCe,2018/6/1 1:45,6
省NOC,广州_东莞庄_MSCe20,MSCe,2018/6/1 1:45,6
省NOC,广州_东莞庄_MSCe20,MSCe,2018/6/1 1:45,6
省NOC,广州_东莞庄_MSCe20,MSCe,2018/6/1 1:45,6
省NOC,广州_东莞庄_MSCe20,MSCe,2018/6/1 1:45,6
江门,江门_枢纽_MGW2,MGW,2018/6/1 1:46,6
江门,江门_炮台_MGW1,MGW,2018/6/1 1:46,4
江门,江门_炮台_MGW1,MGW,2018/6/1 1:46,6
省NOC,广州_东莞庄_MSCe20,MSCe,2018/6/1 1:46,3
省NOC,广州_东莞庄_MSCe20,MSCe,2018/6/1 1:46,6
江门,江门_炮台_MGW1,MGW,2018/6/1 1:48,4
珠海,珠海_新香洲_MGW2,MGW,2018/6/1 1:48,4
省NOC,广州_东莞庄_MSCe20,MSCe,2018/6/1 1:48,3
省NOC,广州_东莞庄_MSCe20,MSCe,2018/6/1 1:48,3
省NOC,广州_东莞庄_MSCe20,MSCe,2018/6/1 1:48,3
省NOC,广州_东莞庄_MSCe20,MSCe,2018/6/1 1:48,3
省NOC,广州_东莞庄_MSCe20,MSCe,2018/6/1 1:48,4
省NOC,广州_东莞庄_MSCe20,MSCe,2018/6/1 1:48,6
江门,江门_炮台_MGW1,MGW,2018/6/1 1:48,6
珠海,珠海_新香洲_MGW2,MGW,2018/6/1 1:48,6
省NOC,广州_东莞庄_MSCe20,MSCe,2018/6/1 1:49,6
省NOC,广州_东莞庄_MSCe20,MSCe,2018/6/1 1:49,6
省NOC,广州_东莞庄_MSCe20,MSCe,2018/6/1 1:49,6
省NOC,广州_东莞庄_MSCe20,MSCe,2018/6/1 1:49,6
珠海,珠海_新香洲_MGW2,MGW,2018/6/1 1:49,4
江门,江门_炮台_MGW1,MGW,2018/6/1 1:50,4
珠海,珠海_新香洲_MGW2,MGW,2018/6/1 1:50,6
江门,江门_炮台_MGW1,MGW,2018/6/1 1:50,6
省NOC,广州_马场_MSCe19,MSCe,2018/6/1 1:50,5
省NOC,广州_马场_MSCe19,MSCe,2018/6/1 1:50,6
省NOC,广州_马场_MSCe19,MSCe,2018/6/1 1:51,5
省NOC,广州_马场_MSCe19,MSCe,2018/6/1 1:51,6
省NOC,广州_马场_MSCe19,MSCe,2018/6/1 1:51,5
省NOC,广州_马场_MSCe19,MSCe,2018/6/1 1:51,6
省NOC,广州_马场_MSCe19,MSCe,2018/6/1 1:51,5
省NOC,广州_马场_MSCe19,MSCe,2018/6/1 1:51,6
省NOC,广州_马场_MSCe19,MSCe,2018/6/1 1:51,5
省NOC,广州_马场_MSCe19,MSCe,2018/6/1 1:51,6
省NOC,广州_马场_MSCe19,MSCe,2018/6/1 1:51,3
省NOC,广州_东莞庄_MSCe20,MSCe,2018/6/1 1:51,3
省NOC,广州_东莞庄_MSCe20,MSCe,2018/6/1 1:51,3
省NOC,广州_东莞庄_MSCe20,MSCe,2018/6/1 1:51,3
省NOC,广州_马场_MSCe19,MSCe,2018/6/1 1:51,5
省NOC,广州_马场_MSCe19,MSCe,2018/6/1 1:51,6
省NOC,广州_东莞庄_MSCe20,MSCe,2018/6/1 1:51,3
省NOC,广州_东莞庄_MSCe20,MSCe,2018/6/1 1:51,4
省NOC,广州_东莞庄_MSCe20,MSCe,2018/6/1 1:51,6
省NOC,广州_马场_MSCe19,MSCe,2018/6/1 1:51,5
省NOC,广州_马场_MSCe19,MSCe,2018/6/1 1:51,6
珠海,珠海_新香洲_MGW2,MGW,2018/6/1 1:51,4
省NOC,广州_马场_MSCe19,MSCe,2018/6/1 1:52,5
省NOC,广州_马场_MSCe19,MSCe,2018/6/1 1:52,6
省NOC,广州_马场_MSCe19,MSCe,2018/6/1 1:52,5
省NOC,广州_马场_MSCe19,MSCe,2018/6/1 1:52,6
省NOC,广州_马场_MSCe19,MSCe,2018/6/1 1:52,5
省NOC,广州_马场_MSCe19,MSCe,2018/6/1 1:52,6
省NOC,广州_东莞庄_MSCe20,MSCe,2018/6/1 1:52,6
省NOC,广州_东莞庄_MSCe20,MSCe,2018/6/1 1:52,6
省NOC,广州_东莞庄_MSCe20,MSCe,2018/6/1 1:52,6
省NOC,广州_东莞庄_MSCe20,MSCe,2018/6/1 1:52,6
省NOC,广州_马场_MSCe19,MSCe,2018/6/1 1:52,5
省NOC,广州_马场_MSCe19,MSCe,2018/6/1 1:52,6
省NOC,广州_马场_MSCe19,MSCe,2018/6/1 1:52,5
省NOC,广州_马场_MSCe19,MSCe,2018/6/1 1:52,6
省NOC,广州_东莞庄_MSCe20,MSCE,2018/6/1 1:52,5
省NOC,广州_东莞庄_MSCe20,MSCE,2018/6/1 1:52,6
珠海,珠海_新香洲_MGW2,MGW,2018/6/1 1:53,6
珠海,珠海_拱北_MGW1,MGW,2018/6/1 1:54,4
珠海,珠海_拱北_MGW1,MGW,2018/6/1 1:54,6
珠海,珠海_新香洲_MGW2,MGW,2018/6/1 1:54,4
省NOC,广州_东莞庄_MSCe20,MSCe,2018/6/1 1:55,3
省NOC,广州_东莞庄_MSCe20,MSCe,2018/6/1 1:55,3
省NOC,广州_东莞庄_MSCe20,MSCe,2018/6/1 1:55,3
省NOC,广州_东莞庄_MSCe20,MSCe,2018/6/1 1:55,3
省NOC,广州_东莞庄_MSCe20,MSCe,2018/6/1 1:55,4
省NOC,广州_东莞庄_MSCe20,MSCe,2018/6/1 1:55,6
省NOC,广州_东莞庄_MSCe20,MSCe,2018/6/1 1:55,6
省NOC,广州_东莞庄_MSCe20,MSCe,2018/6/1 1:55,6
省NOC,广州_东莞庄_MSCe20,MSCe,2018/6/1 1:55,6
省NOC,广州_东莞庄_MSCe20,MSCe,2018/6/1 1:55,6
珠海,珠海_新香洲_MGW2,MGW,2018/6/1 1:56,6
江门,江门_枢纽_MGW2,MGW,2018/6/1 1:56,4
珠海,珠海_新香洲_MGW2,MGW,2018/6/1 1:57,4
江门,江门_枢纽_MGW2,MGW,2018/6/1 1:57,6
珠海,珠海_新香洲_MGW2,MGW,2018/6/1 1:58,6
省NOC,广州_东莞庄_MSCe20,MSCe,2018/6/1 1:58,3
省NOC,广州_东莞庄_MSCe20,MSCe,2018/6/1 1:58,3
省NOC,广州_东莞庄_MSCe20,MSCe,2018/6/1 1:58,3
省NOC,广州_东莞庄_MSCe20,MSCe,2018/6/1 1:58,3
省NOC,广州_东莞庄_MSCe20,MSCe,2018/6/1 1:58,4
省NOC,广州_东莞庄_MSCe20,MSCe,2018/6/1 1:58,6
珠海,珠海_新香洲_MGW2,MGW,2018/6/1 1:59,4
省NOC,广州_东莞庄_MSCe20,MSCe,2018/6/1 1:59,6
省NOC,广州_东莞庄_MSCe20,MSCe,2018/6/1 1:59,6
省NOC,广州_东莞庄_MSCe20,MSCe,2018/6/1 1:59,6
省NOC,广州_东莞庄_MSCe20,MSCe,2018/6/1 1:59,6
珠海,珠海_新香洲_MGW2,MGW,2018/6/1 2:00,6
江门,江门_炮台_MGW1,MGW,2018/6/1 2:00,4
珠海,珠海_新香洲_MGW2,MGW,2018/6/1 2:00,4
江门,江门_炮台_MGW1,MGW,2018/6/1 2:00,6
江门,江门_枢纽_MGW2,MGW,2018/6/1 2:01,4
珠海,珠海_新香洲_MGW2,MGW,2018/6/1 2:01,6
省NOC,广州_东莞庄_MSCe20,MSCe,2018/6/1 2:01,3
省NOC,广州_东莞庄_MSCe20,MSCe,2018/6/1 2:01,3
省NOC,广州_东莞庄_MSCe20,MSCe,2018/6/1 2:01,3
省NOC,广州_东莞庄_MSCe20,MSCe,2018/6/1 2:01,3
江门,江门_枢纽_MGW2,MGW,2018/6/1 2:01,6
省NOC,广州_东莞庄_MSCe20,MSCe,2018/6/1 2:01,4
省NOC,广州_东莞庄_MSCe20,MSCe,2018/6/1 2:01,6
省NOC,广州_东莞庄_MSCe20,MSCe,2018/6/1 2:02,6
省NOC,广州_东莞庄_MSCe20,MSCe,2018/6/1 2:02,6
省NOC,广州_东莞庄_MSCe20,MSCe,2018/6/1 2:02,6
省NOC,广州_东莞庄_MSCe20,MSCe,2018/6/1 2:02,6
珠海,珠海_新香洲_MGW2,MGW,2018/6/1 2:02,4
珠海,珠海_新香洲_MGW2,MGW,2018/6/1 2:03,6
省NOC,广州_东莞庄_MSCe20,MSCe,2018/6/1 2:05,3
省NOC,广州_东莞庄_MSCe20,MSCe,2018/6/1 2:05,3
省NOC,广州_东莞庄_MSCe20,MSCe,2018/6/1 2:05,3
省NOC,广州_东莞庄_MSCe20,MSCe,2018/6/1 2:05,3
省NOC,广州_东莞庄_MSCe20,MSCe,2018/6/1 2:05,4
省NOC,广州_东莞庄_MSCe20,MSCe,2018/6/1 2:05,6
省NOC,广州_东莞庄_MSCe20,MSCe,2018/6/1 2:06,6
省NOC,广州_东莞庄_MSCe20,MSCe,2018/6/1 2:06,6
省NOC,广州_东莞庄_MSCe20,MSCe,2018/6/1 2:06,6
省NOC,广州_东莞庄_MSCe20,MSCe,2018/6/1 2:06,6
省NOC,广州_东莞庄_MSCe20,MSCe,2018/6/1 2:06,3
省NOC,广州_东莞庄_MSCe20,MSCe,2018/6/1 2:07,6
珠海,珠海_新香洲_MGW2,MGW,2018/6/1 2:07,4
珠海,珠海_新香洲_MGW2,MGW,2018/6/1 2:08,6
省NOC,广州_马场_MSCe19,MSCE,2018/6/1 2:03,5
省NOC,广州_马场_MSCe19,MSCE,2018/6/1 2:03,6
省NOC,广州_东莞庄_MSCe20,MSCe,2018/6/1 2:08,3
省NOC,广州_东莞庄_MSCe20,MSCe,2018/6/1 2:08,3
省NOC,广州_东莞庄_MSCe20,MSCe,2018/6/1 2:08,3
省NOC,广州_东莞庄_MSCe20,MSCe,2018/6/1 2:08,3
省NOC,广州_东莞庄_MSCe20,MSCe,2018/6/1 2:08,4
省NOC,广州_东莞庄_MSCe20,MSCe,2018/6/1 2:08,6
珠海,珠海_新香洲_MGW2,MGW,2018/6/1 2:08,4
省NOC,广州_东莞庄_MSCe20,MSCe,2018/6/1 2:09,6
省NOC,广州_东莞庄_MSCe20,MSCe,2018/6/1 2:09,6
省NOC,广州_东莞庄_MSCe20,MSCe,2018/6/1 2:09,6
省NOC,广州_东莞庄_MSCe20,MSCe,2018/6/1 2:09,6
珠海,珠海_新香洲_MGW2,MGW,2018/6/1 2:09,6
珠海,珠海_新香洲_MGW2,MGW,2018/6/1 2:10,4
珠海,珠海_新香洲_MGW2,MGW,2018/6/1 2:10,6
珠海,珠海_新香洲_MGW2,MGW,2018/6/1 2:11,4
江门,江门_枢纽_MGW2,MGW,2018/6/1 2:06,4
江门,江门_枢纽_MGW2,MGW,2018/6/1 2:07,6
省NOC,广州_东莞庄_MSCe20,MSCe,2018/6/1 2:11,3
省NOC,广州_东莞庄_MSCe20,MSCe,2018/6/1 2:11,3
省NOC,广州_东莞庄_MSCe20,MSCe,2018/6/1 2:11,3
省NOC,广州_东莞庄_MSCe20,MSCe,2018/6/1 2:11,3
省NOC,广州_东莞庄_MSCe20,MSCe,2018/6/1 2:12,4
省NOC,广州_东莞庄_MSCe20,MSCe,2018/6/1 2:12,6
江门,江门_炮台_MGW1,MGW,2018/6/1 2:08,4
省NOC,广州_马场_MSCe19,MSCE,2018/6/1 2:09,5
江门,江门_枢纽_MGW2,MGW,2018/6/1 2:09,4
江门,江门_炮台_MGW1,MGW,2018/6/1 2:09,6
江门,江门_枢纽_MGW2,MGW,2018/6/1 2:09,6
珠海,珠海_新香洲_MGW2,MGW,2018/6/1 2:12,6
江门,江门_炮台_MGW1,MGW,2018/6/1 2:10,4
江门,江门_炮台_MGW1,MGW,2018/6/1 2:11,6
省NOC,广州_东莞庄_MSCe20,MSCe,2018/6/1 2:12,6
省NOC,广州_东莞庄_MSCe20,MSCe,2018/6/1 2:12,6
省NOC,广州_东莞庄_MSCe20,MSCe,2018/6/1 2:12,6
省NOC,广州_东莞庄_MSCe20,MSCe,2018/6/1 2:12,6
江门,江门_炮台_MGW1,MGW,2018/6/1 2:11,4
江门,江门_枢纽_MGW2,MGW,2018/6/1 2:11,4
珠海,珠海_新香洲_MGW2,MGW,2018/6/1 2:12,4
江门,江门_枢纽_MGW2,MGW,2018/6/1 2:12,6
江门,江门_炮台_MGW1,MGW,2018/6/1 2:12,6
珠海,珠海_新香洲_MGW2,MGW,2018/6/1 2:13,6
珠海,珠海_新香洲_MGW2,MGW,2018/6/1 2:14,4
江门,江门_枢纽_MGW2,MGW,2018/6/1 2:14,4
江门,江门_枢纽_MGW2,MGW,2018/6/1 2:15,6
省NOC,广州_东莞庄_MSCe20,MSCe,2018/6/1 2:15,3
省NOC,广州_东莞庄_MSCe20,MSCe,2018/6/1 2:15,3
省NOC,广州_东莞庄_MSCe20,MSCe,2018/6/1 2:15,3
省NOC,广州_东莞庄_MSCe20,MSCe,2018/6/1 2:15,3
省NOC,广州_东莞庄_MSCe20,MSCe,2018/6/1 2:15,4
省NOC,广州_东莞庄_MSCe20,MSCe,2018/6/1 2:15,6
省NOC,广州_东莞庄_MSCe20,MSCe,2018/6/1 2:16,6
省NOC,广州_东莞庄_MSCe20,MSCe,2018/6/1 2:16,6
省NOC,广州_东莞庄_MSCe20,MSCe,2018/6/1 2:16,6
省NOC,广州_东莞庄_MSCe20,MSCe,2018/6/1 2:16,6
省NOC,广州_东莞庄_MSCe20,MSCE,2018/6/1 2:16,5
省NOC,广州_东莞庄_MSCe20,MSCe,2018/6/1 2:15,4
省NOC,广州_东莞庄_MSCe20,MSCe,2018/6/1 2:16,6
省NOC,广州_东莞庄_MSCe20,MSCe,2018/6/1 2:16,6
省NOC,广州_东莞庄_MSCe20,MSCe,2018/6/1 2:16,6
省NOC,广州_东莞庄_MSCe20,MSCe,2018/6/1 2:16,6
省NOC,广州_东莞庄_MSCe20,MSCe,2018/6/1 2:16,6
省NOC,广州_东莞庄_MSCe20,MSCe,2018/6/1 2:16,6
省NOC,广州_东莞庄_MSCe20,MSCe,2018/6/1 2:16,6
省NOC,广州_东莞庄_MSCe20,MSCe,2018/6/1 2:16,6
省NOC,广州_东莞庄_MSCe20,MSCe,2018/6/1 2:16,6
省NOC,广州_东莞庄_MSCe20,MSCe,2018/6/1 2:16,6
省NOC,广州_东莞庄_MSCe20,MSCE,2018/6/1 2:16,6
珠海,珠海_新香洲_MGW2,MGW,2018/6/1 2:16,6
江门,江门_枢纽_MGW2,MGW,2018/6/1 2:17,4
珠海,珠海_拱北_MGW1,MGW,2018/6/1 2:17,4
珠海,珠海_新香洲_MGW2,MGW,2018/6/1 2:18,4
珠海,珠海_拱北_MGW1,MGW,2018/6/1 2:18,6
江门,江门_枢纽_MGW2,MGW,2018/6/1 2:18,6
江门,江门_炮台_MGW1,MGW,2018/6/1 2:18,4
省NOC,广州_东莞庄_MSCe20,MSCe,2018/6/1 2:18,3
省NOC,广州_东莞庄_MSCe20,MSCe,2018/6/1 2:18,3
省NOC,广州_东莞庄_MSCe20,MSCe,2018/6/1 2:18,3
省NOC,广州_东莞庄_MSCe20,MSCe,2018/6/1 2:18,3
省NOC,广州_东莞庄_MSCe20,MSCe,2018/6/1 2:18,4
省NOC,广州_东莞庄_MSCe20,MSCe,2018/6/1 2:18,6
珠海,珠海_新香洲_MGW2,MGW,2018/6/1 2:18,6
江门,江门_炮台_MGW1,MGW,2018/6/1 2:19,6
省NOC,广州_东莞庄_MSCe20,MSCe,2018/6/1 2:19,6
省NOC,广州_东莞庄_MSCe20,MSCe,2018/6/1 2:19,6
省NOC,广州_东莞庄_MSCe20,MSCe,2018/6/1 2:19,6
省NOC,广州_东莞庄_MSCe20,MSCe,2018/6/1 2:19,6
江门,江门_炮台_MGW1,MGW,2018/6/1 2:19,4
江门,江门_炮台_MGW1,MGW,2018/6/1 2:20,6
省NOC,广州_马场_MSCe19,MSCe,2018/6/1 2:20,5
省NOC,广州_马场_MSCe19,MSCe,2018/6/1 2:20,6
省NOC,广州_马场_MSCe19,MSCe,2018/6/1 2:21,5
省NOC,广州_马场_MSCe19,MSCe,2018/6/1 2:21,6
省NOC,广州_马场_MSCe19,MSCe,2018/6/1 2:21,5
省NOC,广州_马场_MSCe19,MSCe,2018/6/1 2:21,6
省NOC,广州_马场_MSCe19,MSCe,2018/6/1 2:21,5
省NOC,广州_马场_MSCe19,MSCe,2018/6/1 2:21,6
省NOC,广州_马场_MSCe19,MSCe,2018/6/1 2:21,6
省NOC,广州_马场_MSCe19,MSCe,2018/6/1 2:21,5
省NOC,广州_马场_MSCe19,MSCe,2018/6/1 2:21,6
省NOC,广州_马场_MSCe19,MSCe,2018/6/1 2:21,5
省NOC,广州_马场_MSCe19,MSCe,2018/6/1 2:21,6
省NOC,广州_东莞庄_MSCe20,MSCe,2018/6/1 2:22,3
省NOC,广州_东莞庄_MSCe20,MSCe,2018/6/1 2:22,3
省NOC,广州_东莞庄_MSCe20,MSCe,2018/6/1 2:22,3
珠海,珠海_拱北_MGW1,MGW,2018/6/1 2:22,4
省NOC,广州_东莞庄_MSCe20,MSCe,2018/6/1 2:22,3
省NOC,广州_东莞庄_MSCe20,MSCe,2018/6/1 2:22,4
省NOC,广州_东莞庄_MSCe20,MSCe,2018/6/1 2:22,6
省NOC,广州_马场_MSCe19,MSCe,2018/6/1 2:21,5
省NOC,广州_马场_MSCe19,MSCe,2018/6/1 2:21,6
省NOC,广州_马场_MSCe19,MSCe,2018/6/1 2:22,5
省NOC,广州_马场_MSCe19,MSCe,2018/6/1 2:22,6
珠海,珠海_拱北_MGW1,MGW,2018/6/1 2:22,6
省NOC,广州_马场_MSCe19,MSCe,2018/6/1 2:22,5
省NOC,广州_马场_MSCe19,MSCe,2018/6/1 2:22,6
省NOC,广州_东莞庄_MSCe20,MSCe,2018/6/1 2:22,6
省NOC,广州_东莞庄_MSCe20,MSCe,2018/6/1 2:22,6
省NOC,广州_东莞庄_MSCe20,MSCe,2018/6/1 2:22,6
省NOC,广州_东莞庄_MSCe20,MSCe,2018/6/1 2:22,6
省NOC,广州_马场_MSCe19,MSCe,2018/6/1 2:22,5
省NOC,广州_马场_MSCe19,MSCe,2018/6/1 2:22,6
省NOC,广州_马场_MSCe19,MSCe,2018/6/1 2:22,5
珠海,珠海_新香洲_MGW2,MGW,2018/6/1 2:23,4
省NOC,广州_马场_MSCe19,MSCe,2018/6/1 2:22,6
省NOC,广州_马场_MSCe19,MSCe,2018/6/1 2:22,5
省NOC,广州_马场_MSCe19,MSCe,2018/6/1 2:22,6
珠海,珠海_新香洲_MGW2,MGW,2018/6/1 2:23,6
珠海,珠海_新香洲_MGW2,MGW,2018/6/1 2:24,4
珠海,珠海_拱北_MGW1,MGW,2018/6/1 2:25,4
珠海,珠海_新香洲_MGW2,MGW,2018/6/1 2:25,6
省NOC,广州_东莞庄_MSCe20,MSCe,2018/6/1 2:25,3
省NOC,广州_东莞庄_MSCe20,MSCe,2018/6/1 2:25,3
省NOC,广州_东莞庄_MSCe20,MSCe,2018/6/1 2:25,3
省NOC,广州_东莞庄_MSCe20,MSCe,2018/6/1 2:25,3
省NOC,广州_东莞庄_MSCe20,MSCe,2018/6/1 2:25,4
省NOC,广州_东莞庄_MSCe20,MSCe,2018/6/1 2:25,6
江门,江门_炮台_MGW1,MGW,2018/6/1 2:25,4
珠海,珠海_拱北_MGW1,MGW,2018/6/1 2:25,6
江门,江门_炮台_MGW1,MGW,2018/6/1 2:26,6
省NOC,广州_东莞庄_MSCe20,MSCe,2018/6/1 2:26,6
省NOC,广州_东莞庄_MSCe20,MSCe,2018/6/1 2:26,6
省NOC,广州_东莞庄_MSCe20,MSCe,2018/6/1 2:26,6
省NOC,广州_东莞庄_MSCe20,MSCe,2018/6/1 2:26,6
珠海,珠海_新香洲_MGW2,MGW,2018/6/1 2:27,4
珠海,珠海_新香洲_MGW2,MGW,2018/6/1 2:28,6
珠海,珠海_新香洲_MGW2,MGW,2018/6/1 2:28,4
省NOC,广州_东莞庄_MSCe20,MSCe,2018/6/1 2:28,3
省NOC,广州_东莞庄_MSCe20,MSCe,2018/6/1 2:28,3
省NOC,广州_东莞庄_MSCe20,MSCe,2018/6/1 2:28,3
省NOC,广州_东莞庄_MSCe20,MSCe,2018/6/1 2:28,3
省NOC,广州_东莞庄_MSCe20,MSCe,2018/6/1 2:28,4
省NOC,广州_东莞庄_MSCe20,MSCe,2018/6/1 2:28,6
省NOC,广州_东莞庄_MSCe20,MSCe,2018/6/1 2:29,6
省NOC,广州_东莞庄_MSCe20,MSCe,2018/6/1 2:29,6
省NOC,广州_东莞庄_MSCe20,MSCe,2018/6/1 2:29,6
省NOC,广州_东莞庄_MSCe20,MSCe,2018/6/1 2:29,6
江门,江门_炮台_MGW1,MGW,2018/6/1 2:29,4
江门,江门_炮台_MGW1,MGW,2018/6/1 2:30,6
珠海,珠海_新香洲_MGW2,MGW,2018/6/1 2:30,6
珠海,珠海_拱北_MGW1,MGW,2018/6/1 2:30,4
省NOC,广州_东莞庄_MSCe20,MSCe,2018/6/1 2:30,3
珠海,珠海_新香洲_MGW2,MGW,2018/6/1 2:30,4
珠海,珠海_拱北_MGW1,MGW,2018/6/1 2:30,6
省NOC,广州_东莞庄_MSCe20,MSCe,2018/6/1 2:30,6
省NOC,广州_东莞庄_MSCe20,MSCe,2018/6/1 2:31,3
省NOC,广州_东莞庄_MSCe20,MSCe,2018/6/1 2:31,6
省NOC,广州_东莞庄_MSCe20,MSCE,2018/6/1 2:31,6
省NOC,广州_东莞庄_MSCe20,MSCe,2018/6/1 2:32,3
省NOC,广州_东莞庄_MSCe20,MSCe,2018/6/1 2:32,3
省NOC,广州_东莞庄_MSCe20,MSCe,2018/6/1 2:32,3
省NOC,广州_东莞庄_MSCe20,MSCe,2018/6/1 2:32,3
省NOC,广州_东莞庄_MSCe20,MSCe,2018/6/1 2:32,4
省NOC,广州_东莞庄_MSCe20,MSCe,2018/6/1 2:32,6
省NOC,广州_东莞庄_MSCe20,MSCe,2018/6/1 2:33,6
省NOC,广州_东莞庄_MSCe20,MSCe,2018/6/1 2:33,6
省NOC,广州_东莞庄_MSCe20,MSCe,2018/6/1 2:33,6
省NOC,广州_东莞庄_MSCe20,MSCe,2018/6/1 2:33,6
珠海,珠海_新香洲_MGW2,MGW,2018/6/1 2:33,6
珠海,珠海_新香洲_MGW2,MGW,2018/6/1 2:34,4
省NOC,广州_东莞庄_MSCe20,MSCe,2018/6/1 2:35,3
省NOC,广州_东莞庄_MSCe20,MSCe,2018/6/1 2:35,3
省NOC,广州_东莞庄_MSCe20,MSCe,2018/6/1 2:35,3
省NOC,广州_东莞庄_MSCe20,MSCe,2018/6/1 2:35,3
省NOC,广州_东莞庄_MSCe20,MSCe,2018/6/1 2:35,4
省NOC,广州_东莞庄_MSCe20,MSCe,2018/6/1 2:35,6
省NOC,广州_东莞庄_MSCe20,MSCE,2018/6/1 2:35,6
珠海,珠海_拱北_MGW1,MGW,2018/6/1 2:35,4
省NOC,广州_东莞庄_MSCe20,MSCe,2018/6/1 2:36,6
省NOC,广州_东莞庄_MSCe20,MSCe,2018/6/1 2:36,6
省NOC,广州_东莞庄_MSCe20,MSCe,2018/6/1 2:36,6
省NOC,广州_东莞庄_MSCe20,MSCe,2018/6/1 2:36,6
珠海,珠海_新香洲_MGW2,MGW,2018/6/1 2:36,6
珠海,珠海_拱北_MGW1,MGW,2018/6/1 2:36,6
江门,江门_枢纽_MGW2,MGW,2018/6/1 2:36,4
珠海,珠海_新香洲_MGW2,MGW,2018/6/1 2:36,4
珠海,珠海_拱北_MGW1,MGW,2018/6/1 2:36,4
江门,江门_炮台_MGW1,MGW,2018/6/1 2:37,4
江门,江门_枢纽_MGW2,MGW,2018/6/1 2:37,6
珠海,珠海_新香洲_MGW2,MGW,2018/6/1 2:37,6
珠海,珠海_拱北_MGW1,MGW,2018/6/1 2:37,6
江门,江门_枢纽_MGW2,MGW,2018/6/1 2:37,4
江门,江门_枢纽_MGW2,MGW,2018/6/1 2:38,6
珠海,珠海_新香洲_MGW2,MGW,2018/6/1 2:38,4
江门,江门_炮台_MGW1,MGW,2018/6/1 2:38,6
珠海,珠海_拱北_MGW1,MGW,2018/6/1 2:38,4
珠海,珠海_新香洲_MGW2,MGW,2018/6/1 2:38,6
省NOC,广州_东莞庄_MSCe20,MSCe,2018/6/1 2:38,3
省NOC,广州_东莞庄_MSCe20,MSCe,2018/6/1 2:38,3
省NOC,广州_东莞庄_MSCe20,MSCe,2018/6/1 2:38,3
省NOC,广州_东莞庄_MSCe20,MSCe,2018/6/1 2:38,3
省NOC,广州_东莞庄_MSCe20,MSCe,2018/6/1 2:39,4
省NOC,广州_东莞庄_MSCe20,MSCe,2018/6/1 2:39,6
珠海,珠海_拱北_MGW1,MGW,2018/6/1 2:39,6
珠海,珠海_新香洲_MGW2,MGW,2018/6/1 2:39,4
江门,江门_炮台_MGW1,MGW,2018/6/1 2:39,4
省NOC,广州_东莞庄_MSCe20,MSCe,2018/6/1 2:39,6
省NOC,广州_东莞庄_MSCe20,MSCe,2018/6/1 2:39,6
省NOC,广州_东莞庄_MSCe20,MSCe,2018/6/1 2:39,6
省NOC,广州_东莞庄_MSCe20,MSCe,2018/6/1 2:39,6
珠海,珠海_新香洲_MGW2,MGW,2018/6/1 2:39,6
江门,江门_炮台_MGW1,MGW,2018/6/1 2:40,6
珠海,珠海_新香洲_MGW2,MGW,2018/6/1 2:40,4
珠海,珠海_新香洲_MGW2,MGW,2018/6/1 2:40,6
江门,江门_炮台_MGW1,MGW,2018/6/1 2:41,4
江门,江门_炮台_MGW1,MGW,2018/6/1 2:41,6
省NOC,广州_东莞庄_MSCe20,MSCe,2018/6/1 2:42,3
省NOC,广州_东莞庄_MSCe20,MSCe,2018/6/1 2:42,3
省NOC,广州_东莞庄_MSCe20,MSCe,2018/6/1 2:42,3
省NOC,广州_东莞庄_MSCe20,MSCe,2018/6/1 2:42,3
省NOC,广州_东莞庄_MSCe20,MSCe,2018/6/1 2:42,4
省NOC,广州_东莞庄_MSCe20,MSCe,2018/6/1 2:42,6
省NOC,广州_东莞庄_MSCe20,MSCe,2018/6/1 2:42,6
省NOC,广州_东莞庄_MSCe20,MSCe,2018/6/1 2:42,6
省NOC,广州_东莞庄_MSCe20,MSCe,2018/6/1 2:42,6
省NOC,广州_东莞庄_MSCe20,MSCe,2018/6/1 2:42,6
珠海,珠海_新香洲_MGW2,MGW,2018/6/1 2:43,4
江门,江门_炮台_MGW1,MGW,2018/6/1 2:44,4
珠海,珠海_新香洲_MGW2,MGW,2018/6/1 2:45,6
江门,江门_炮台_MGW1,MGW,2018/6/1 2:45,6
省NOC,广州_东莞庄_MSCe20,MSCe,2018/6/1 2:45,3
省NOC,广州_东莞庄_MSCe20,MSCe,2018/6/1 2:45,3
省NOC,广州_东莞庄_MSCe20,MSCe,2018/6/1 2:45,3
省NOC,广州_东莞庄_MSCe20,MSCe,2018/6/1 2:45,3
省NOC,广州_东莞庄_MSCe20,MSCe,2018/6/1 2:45,4
省NOC,广州_东莞庄_MSCe20,MSCe,2018/6/1 2:45,6
珠海,珠海_新香洲_MGW2,MGW,2018/6/1 2:46,4
珠海,珠海_拱北_MGW1,MGW,2018/6/1 2:46,4
省NOC,广州_东莞庄_MSCe20,MSCe,2018/6/1 2:46,6
省NOC,广州_东莞庄_MSCe20,MSCe,2018/6/1 2:46,6
省NOC,广州_东莞庄_MSCe20,MSCe,2018/6/1 2:46,6
省NOC,广州_东莞庄_MSCe20,MSCe,2018/6/1 2:46,6
珠海,珠海_拱北_MGW1,MGW,2018/6/1 2:46,6
珠海,珠海_新香洲_MGW2,MGW,2018/6/1 2:46,6
珠海,珠海_新香洲_MGW2,MGW,2018/6/1 2:47,4
江门,江门_炮台_MGW1,MGW,2018/6/1 2:47,4
江门,江门_炮台_MGW1,MGW,2018/6/1 2:47,6
珠海,珠海_新香洲_MGW2,MGW,2018/6/1 2:48,6
省NOC,广州_东莞庄_MSCe20,MSCe,2018/6/1 2:48,3
省NOC,广州_东莞庄_MSCe20,MSCe,2018/6/1 2:48,3
省NOC,广州_东莞庄_MSCe20,MSCe,2018/6/1 2:48,3
省NOC,广州_东莞庄_MSCe20,MSCe,2018/6/1 2:48,3
省NOC,广州_东莞庄_MSCe20,MSCe,2018/6/1 2:48,4
省NOC,广州_东莞庄_MSCe20,MSCe,2018/6/1 2:49,6
省NOC,广州_东莞庄_MSCe20,MSCe,2018/6/1 2:49,6
省NOC,广州_东莞庄_MSCe20,MSCe,2018/6/1 2:49,6
省NOC,广州_东莞庄_MSCe20,MSCe,2018/6/1 2:49,6
省NOC,广州_东莞庄_MSCe20,MSCe,2018/6/1 2:49,6
省NOC,广州_东莞庄_MSCe20,MSCe,2018/6/1 2:50,3
省NOC,广州_马场_MSCe19,MSCe,2018/6/1 2:50,5
省NOC,广州_马场_MSCe19,MSCe,2018/6/1 2:50,6
省NOC,广州_东莞庄_MSCe20,MSCe,2018/6/1 2:51,6
省NOC,广州_马场_MSCe19,MSCe,2018/6/1 2:51,5
省NOC,广州_马场_MSCe19,MSCe,2018/6/1 2:51,6
省NOC,广州_马场_MSCe19,MSCe,2018/6/1 2:51,5
省NOC,广州_马场_MSCe19,MSCe,2018/6/1 2:51,6
江门,江门_枢纽_MGW2,MGW,2018/6/1 2:51,4
省NOC,广州_马场_MSCe19,MSCe,2018/6/1 2:51,5
省NOC,广州_马场_MSCe19,MSCe,2018/6/1 2:51,6
省NOC,广州_马场_MSCe19,MSCe,2018/6/1 2:51,5
省NOC,广州_马场_MSCe19,MSCe,2018/6/1 2:51,6
省NOC,广州_马场_MSCe19,MSCe,2018/6/1 2:51,5
省NOC,广州_马场_MSCe19,MSCe,2018/6/1 2:51,6
省NOC,广州_东莞庄_MSCe20,MSCe,2018/6/1 2:51,3
省NOC,广州_东莞庄_MSCe20,MSCe,2018/6/1 2:51,3
省NOC,广州_东莞庄_MSCe20,MSCe,2018/6/1 2:51,3
省NOC,广州_东莞庄_MSCe20,MSCe,2018/6/1 2:51,6
省NOC,广州_东莞庄_MSCe20,MSCe,2018/6/1 2:51,6
江门,江门_枢纽_MGW2,MGW,2018/6/1 2:51,6
